ts,mode,symbol,iid,side,price,qty,notional,liquidity,fee,intent,decision_mid,slippage_usd,slippage_bps,position_after,realized_pnl,trade_id,coid
2026-09-22T07:51:05.819Z,dry,BTC-USD,6,sell,85257,0.00029,24.72453,maker,-0.00123623,quote-ask,85255.5,-0.000435,-0.17593863,-0.00029,0,sim-6ae70cc28c9cb09d5bdc66688dcf2987-0,6ae70cc28c9cb09d5bdc66688dcf2987
2026-09-22T07:51:07.652Z,dry,ETH-USD,7,buy,2724.4,0.0091,24.79204,maker,-0.0012396,quote-bid,2724.55,-0.001365,-0.55057994,0.0091,0,sim-550bcd846474941a600f5e52277db9b8-0,550bcd846474941a600f5e52277db9b8
2026-09-22T07:51:08.641Z,dry,BTC-USD,6,buy,85278,0.00029,24.73062,maker,-0.00123653,quote-bid,85279.5,-0.000435,-0.17589531,0,-0.00609,sim-127636ed9de12a6fc06a1f50cf0fa600-0,127636ed9de12a6fc06a1f50cf0fa600
2026-09-22T07:51:11.112Z,dry,ETH-USD,7,buy,2723.9,0.0091,24.78749,maker,-0.00123937,quote-bid,2724.05,-0.001365,-0.55068101,0.0182,0,sim-839da8cf020279abd5735ddaee6b98f7-0,839da8cf020279abd5735ddaee6b98f7
2026-09-22T07:51:16.336Z,dry,BTC-USD,6,buy,85273,0.00029,24.72917,maker,-0.00123646,quote-bid,85273.5,-0.000145,-0.05863521,0.00029,0,sim-f148efcd35067c81d9cf14d59b1f01c0-0,f148efcd35067c81d9cf14d59b1f01c0
2026-09-22T07:51:29.412Z,dry,ETH-USD,7,buy,2723.6,0.0091,24.78476,maker,-0.00123924,quote-bid,2723.75,-0.001365,-0.55074167,0.0273,0,sim-55e3cee054460168fa6dfbc35637c275-0,55e3cee054460168fa6dfbc35637c275
2026-09-22T07:51:41.790Z,dry,BTC-USD,6,buy,85264,0.00029,24.72656,maker,-0.00123633,quote-bid,85265.5,-0.000435,-0.17592419,0.00058,0,sim-2e3787fc9018bfd63b1a328046c68bd6-0,2e3787fc9018bfd63b1a328046c68bd6
2026-09-22T07:51:43.307Z,dry,ETH-USD,7,sell,2723.4,0.0091,24.78294,maker,-0.00123915,quote-ask,2723.25,-0.001365,-0.55078211,0.0182,-0.00515667,sim-d3f0cf9b152c0870df1a38e1e5e1ac94-0,d3f0cf9b152c0870df1a38e1e5e1ac94
2026-09-22T07:51:45.085Z,dry,ETH-USD,7,sell,2723.6,0.0091,24.78476,maker,-0.00123924,quote-ask,2723.45,-0.001365,-0.55074167,0.0091,-0.00333667,sim-af63debf2025da29859b2df4bc682aab-0,af63debf2025da29859b2df4bc682aab
2026-09-22T07:51:51.448Z,dry,BTC-USD,6,buy,85259,0.00029,24.72511,maker,-0.00123626,quote-bid,85260.5,-0.000435,-0.17593451,0.00087,0,sim-bffba4597924d041ab043a381a31ac6b-0,bffba4597924d041ab043a381a31ac6b
2026-09-22T07:51:51.705Z,dry,ETH-USD,7,buy,2723.5,0.0091,24.78385,maker,-0.00123919,quote-bid,2723.65,-0.001365,-0.55076189,0.0182,0,sim-111a4fd829bcab156907580b4aa3a5e1-0,111a4fd829bcab156907580b4aa3a5e1
2026-09-22T07:51:59.185Z,dry,ETH-USD,7,buy,2723.1,0.0091,24.78021,maker,-0.00123901,quote-bid,2723.25,-0.001365,-0.55084279,0.0273,0,sim-f0d8ab32b14c25e45da1aed6383ded64-0,f0d8ab32b14c25e45da1aed6383ded64
2026-09-22T07:52:06.702Z,dry,ETH-USD,7,sell,2723.2,0.0091,24.78112,maker,-0.00123906,quote-ask,2723.05,-0.001365,-0.55082256,0.0182,-0.00293222,sim-0cc22095d2266b563909106fa2857790-0,0cc22095d2266b563909106fa2857790
2026-09-22T07:52:06.842Z,dry,BTC-USD,6,sell,85254,0.00029,24.72366,maker,-0.00123618,quote-ask,85252.5,-0.000435,-0.17594482,0.00058,-0.00328667,sim-4c12b171df5600b2f40b98f484799926-0,4c12b171df5600b2f40b98f484799926
2026-09-22T07:52:09.241Z,dry,ETH-USD,7,sell,2724.3,0.0182,49.58226,maker,-0.00247911,flatten-post,2724.25,-0.00091,-0.18353338,0,0.01415556,sim-ab47282327dadff89bfb78aca7d99ae9-0,ab47282327dadff89bfb78aca7d99ae9
2026-09-22T07:52:09.365Z,dry,BTC-USD,6,sell,85264,0.00029,24.72656,maker,-0.00123633,quote-ask,85262.5,-0.000435,-0.17592419,0.00029,-0.00038667,sim-851f73b5e1062c1604f14dadef6641a4-0,851f73b5e1062c1604f14dadef6641a4
2026-09-22T07:52:11.130Z,dry,BTC-USD,6,buy,85270,0.00029,24.7283,maker,-0.00123641,quote-bid,85271.5,-0.000435,-0.17591181,0.00058,0,sim-6198aaad3ea0273a107c8746b16c8422-0,6198aaad3ea0273a107c8746b16c8422
2026-09-22T07:52:22.684Z,dry,ETH-USD,7,buy,2724.2,0.0091,24.79022,maker,-0.00123951,quote-bid,2724.35,-0.001365,-0.55062037,0.0091,0,sim-256615f53c06232138dc89da24390315-0,256615f53c06232138dc89da24390315
2026-09-22T07:52:24.762Z,dry,ETH-USD,7,sell,2723.9,0.0091,24.78749,maker,-0.00123937,quote-ask,2723.75,-0.001365,-0.55068101,0,-0.00273,sim-e247e81972c05205d1605b6c91d2300f-0,e247e81972c05205d1605b6c91d2300f
2026-09-22T07:52:24.851Z,dry,BTC-USD,6,sell,85258,0.00058,49.44964,maker,-0.00247248,flatten-post,85263.5,0.00319,0.64510075,0,-0.00560667,sim-67c1f0abfdba03296b7be77d6a3e0e26-0,67c1f0abfdba03296b7be77d6a3e0e26
2026-09-22T07:52:32.213Z,dry,ETH-USD,7,buy,2724.2,0.0091,24.79022,maker,-0.00123951,quote-bid,2724.25,-0.000455,-0.18354012,0.0091,0,sim-ef6b8301f847fc4f0cb6cad11a85c2fd-0,ef6b8301f847fc4f0cb6cad11a85c2fd
2026-09-22T07:53:04.303Z,dry,ETH-USD,7,sell,2724.3,0.0091,24.79113,maker,-0.00123956,quote-ask,2724.15,-0.001365,-0.55060015,0,0.00091,sim-a4415bda1d5c83b54e2dd4a2cd0481fb-0,a4415bda1d5c83b54e2dd4a2cd0481fb
2026-09-22T07:53:04.329Z,dry,BTC-USD,6,sell,85267,0.00029,24.72743,maker,-0.00123637,quote-ask,85265.5,-0.000435,-0.175918,-0.00029,0,sim-cfa7da8271e02cfa5cdc130c8e453bd0-0,cfa7da8271e02cfa5cdc130c8e453bd0
2026-09-22T07:53:04.673Z,dry,BTC-USD,6,sell,85284,0.00029,24.73236,maker,-0.00123662,quote-ask,85275.5,-0.002465,-0.99666995,-0.00058,0,sim-9d4bac78d5f09ba9f181208a753f635d-0,9d4bac78d5f09ba9f181208a753f635d
2026-09-22T07:53:04.913Z,dry,ETH-USD,7,sell,2725.1,0.0091,24.79841,maker,-0.00123992,quote-ask,2724.9,-0.00182,-0.73391802,-0.0091,0,sim-88fcd253bec3a6f07ba66c04882a8fb5-0,88fcd253bec3a6f07ba66c04882a8fb5
2026-09-22T07:53:04.933Z,dry,BTC-USD,6,sell,85292,0.00029,24.73468,maker,-0.00123673,quote-ask,85290.5,-0.000435,-0.17586644,-0.00087,0,sim-85fe98508e5c3502efa76fe1cd81082c-0,85fe98508e5c3502efa76fe1cd81082c
2026-09-22T07:53:07.386Z,dry,ETH-USD,7,buy,2725.3,0.0091,24.80023,maker,-0.00124001,quote-bid,2725.35,-0.000455,-0.18346604,0,-0.00182,sim-7501b5c166d8550d24d4f38267388aff-0,7501b5c166d8550d24d4f38267388aff
2026-09-22T07:53:07.502Z,dry,BTC-USD,6,buy,85295,0.00029,24.73555,maker,-0.00123678,quote-bid,85296.5,-0.000435,-0.17586025,-0.00058,-0.00406,sim-ef5fd741d1d0acca3f5787de49a920cb-0,ef5fd741d1d0acca3f5787de49a920cb
2026-09-22T07:53:11.090Z,dry,BTC-USD,6,buy,85293,0.00029,24.73497,maker,-0.00123675,quote-bid,85294.5,-0.000435,-0.17586437,-0.00029,-0.00348,sim-65f9c42d61928681dd434c0dd70052a0-0,65f9c42d61928681dd434c0dd70052a0
2026-09-22T07:53:12.315Z,dry,ETH-USD,7,buy,2724.7,0.0091,24.79477,maker,-0.00123974,quote-bid,2724.75,-0.000455,-0.18350644,0.0091,0,sim-5f90aadbf6eee48105796871dc4afded-0,5f90aadbf6eee48105796871dc4afded
2026-09-22T07:53:12.386Z,dry,BTC-USD,6,buy,85290,0.00029,24.7341,maker,-0.0012367,quote-bid,85291.5,-0.000435,-0.17587056,0,-0.00261,sim-f5605744bcec656eaba86e61056d2226-0,f5605744bcec656eaba86e61056d2226
2026-09-22T07:53:15.495Z,dry,BTC-USD,6,buy,85288,0.00029,24.73352,maker,-0.00123668,quote-bid,85289.5,-0.000435,-0.17587468,0.00029,0,sim-d6ac8fb811663d431b9af679470c297b-0,d6ac8fb811663d431b9af679470c297b
2026-09-22T07:53:15.851Z,dry,BTC-USD,6,buy,85285,0.00029,24.73265,maker,-0.00123663,quote-bid,85286.5,-0.000435,-0.17588087,0.00058,0,sim-9667f5be7f924883d40185b446ca00f6-0,9667f5be7f924883d40185b446ca00f6
2026-09-22T07:53:16.874Z,dry,BTC-USD,6,buy,85283,0.00029,24.73207,maker,-0.0012366,quote-bid,85284.5,-0.000435,-0.17588499,0.00087,0,sim-9feff06a5107aa382f8e3faa1234ade2-0,9feff06a5107aa382f8e3faa1234ade2
2026-09-22T07:53:36.865Z,dry,ETH-USD,7,buy,2723.6,0.0091,24.78476,maker,-0.00123924,quote-bid,2723.75,-0.001365,-0.55074167,0.0182,0,sim-81420baa92a9d4a3c93e0449c436109a-0,81420baa92a9d4a3c93e0449c436109a
2026-09-22T07:53:39.057Z,dry,ETH-USD,7,sell,2723.6,0.0091,24.78476,maker,-0.00123924,quote-ask,2723.45,-0.001365,-0.55074167,0.0091,-0.005005,sim-495261aebeeb39dcf945117074cdf383-0,495261aebeeb39dcf945117074cdf383
2026-09-22T07:53:44.277Z,dry,ETH-USD,7,sell,2723.7,0.0091,24.78567,maker,-0.00123928,quote-ask,2723.65,-0.000455,-0.18357382,0,-0.004095,sim-d3b0291de7c688d61d763ff767c3397b-0,d3b0291de7c688d61d763ff767c3397b
2026-09-22T07:53:44.404Z,dry,BTC-USD,6,sell,85273,0.00029,24.72917,maker,-0.00123646,quote-ask,85272.5,-0.000145,-0.05863521,0.00058,-0.00357667,sim-636b9c2d6ecd4ec2f9c1168ec6462d7d-0,636b9c2d6ecd4ec2f9c1168ec6462d7d
2026-09-22T07:53:44.787Z,dry,ETH-USD,7,sell,2724.3,0.0091,24.79113,maker,-0.00123956,quote-ask,2724.15,-0.001365,-0.55060015,-0.0091,0,sim-ba2fd17695ed02a785703507ffca1456-0,ba2fd17695ed02a785703507ffca1456
2026-09-22T07:53:44.880Z,dry,BTC-USD,6,sell,85278,0.00029,24.73062,maker,-0.00123653,quote-ask,85277.5,-0.000145,-0.05863177,0.00029,-0.00212667,sim-ef5e81395de838b46d7ac0d0cad3a31e-0,ef5e81395de838b46d7ac0d0cad3a31e
2026-09-22T07:53:46.573Z,dry,ETH-USD,7,sell,2724.7,0.0091,24.79477,maker,-0.00123974,quote-ask,2724.55,-0.001365,-0.55051932,-0.0182,0,sim-7456530f810c82327cd733e7bbd0603a-0,7456530f810c82327cd733e7bbd0603a
2026-09-22T07:53:46.590Z,dry,BTC-USD,6,sell,85288,0.00029,24.73352,maker,-0.00123668,quote-ask,85286.5,-0.000435,-0.17587468,0,0.00077333,sim-f3bde6edf3ee0b885098561894b24e71-0,f3bde6edf3ee0b885098561894b24e71
2026-09-22T07:53:55.467Z,dry,ETH-USD,7,buy,2725,0.0091,24.7975,maker,-0.00123988,quote-bid,2725.05,-0.000455,-0.18348624,-0.0091,-0.00455,sim-e272f381fd64118c226ade6161b5c557-0,e272f381fd64118c226ade6161b5c557
2026-09-22T07:53:56.508Z,dry,ETH-USD,7,buy,2724.5,0.0091,24.79295,maker,-0.00123965,quote-bid,2724.55,-0.000455,-0.18351991,0,0,sim-e7f5c6831150b5c21137e056699d7af5-0,e7f5c6831150b5c21137e056699d7af5
2026-09-22T07:53:57.604Z,dry,BTC-USD,6,buy,85295,0.00029,24.73555,maker,-0.00123678,quote-bid,85295.5,-0.000145,-0.05862008,0.00029,0,sim-8ddedf0c291d81a65d0eaf0dda052487-0,8ddedf0c291d81a65d0eaf0dda052487
2026-09-22T07:54:04.775Z,dry,ETH-USD,7,buy,2724.3,0.0091,24.79113,maker,-0.00123956,quote-bid,2724.35,-0.000455,-0.18353338,0.0091,0,sim-832557f2e265e12be004c926dd55b0d8-0,832557f2e265e12be004c926dd55b0d8
2026-09-22T07:54:05.215Z,dry,BTC-USD,6,buy,85292,0.00029,24.73468,maker,-0.00123673,quote-bid,85293.5,-0.000435,-0.17586644,0.00058,0,sim-d103ec80b75a895de647854c112ebfca-0,d103ec80b75a895de647854c112ebfca
2026-09-22T07:54:06.188Z,dry,ETH-USD,7,sell,2724.3,0.0091,24.79113,maker,-0.00123956,quote-ask,2724.15,-0.001365,-0.55060015,0,0,sim-08820d6282ba5e922d3541211a304962-0,08820d6282ba5e922d3541211a304962
2026-09-22T07:54:07.257Z,dry,ETH-USD,7,sell,2725.6,0.0091,24.80296,maker,-0.00124015,quote-ask,2725.4,-0.00182,-0.73378339,-0.0091,0,sim-f38375e518ff39045b43624f96c3cc08-0,f38375e518ff39045b43624f96c3cc08
2026-09-22T07:54:09.775Z,dry,BTC-USD,6,buy,85313,0.00029,24.74077,maker,-0.00123704,quote-bid,85314.5,-0.000435,-0.17582315,0.00087,0,sim-b287b521c7dec8c199bccffb8ab17aaa-0,b287b521c7dec8c199bccffb8ab17aaa
2026-09-22T07:54:11.443Z,dry,ETH-USD,7,buy,2725.6,0.0091,24.80296,maker,-0.00124015,quote-bid,2725.65,-0.000455,-0.18344585,0,0,sim-cfafd57c3a7abe41bdb3dfbbd9a70313-0,cfafd57c3a7abe41bdb3dfbbd9a70313
2026-09-22T07:55:00.419Z,dry,ETH-USD,7,buy,2725.5,0.0091,24.80205,maker,-0.0012401,quote-bid,2725.55,-0.000455,-0.18345258,0.0091,0,sim-80948b7346459fa54eff41222c9fac55-0,80948b7346459fa54eff41222c9fac55
2026-09-22T07:55:01.166Z,dry,ETH-USD,7,buy,2725.2,0.0091,24.79932,maker,-0.00123997,quote-bid,2725.35,-0.001365,-0.55041832,0.0182,0,sim-caad8640b3639f37b6066925206a8cc9-0,caad8640b3639f37b6066925206a8cc9
2026-09-22T07:55:01.410Z,dry,ETH-USD,7,buy,2724.7,0.0091,24.79477,maker,-0.00123974,quote-bid,2724.85,-0.001365,-0.55051932,0.0273,0,sim-58015017ad4233c831cf26c1ce4a6ffb-0,58015017ad4233c831cf26c1ce4a6ffb
2026-09-22T07:55:06.079Z,dry,ETH-USD,7,sell,2724.1,0.0091,24.78931,maker,-0.00123947,quote-ask,2724.35,0.002275,0.9177343,0.0182,-0.00940333,sim-78850a218709457696a78520f30ba432-0,78850a218709457696a78520f30ba432
2026-09-22T07:55:06.950Z,dry,ETH-USD,7,sell,2724.4,0.0091,24.79204,maker,-0.0012396,quote-ask,2724.25,-0.001365,-0.55057994,0.0091,-0.00667333,sim-224dee7eb3de11fdb8ec9f72c3e0afc0-0,224dee7eb3de11fdb8ec9f72c3e0afc0
2026-09-22T07:55:18.522Z,dry,ETH-USD,7,buy,2724.4,0.0091,24.79204,maker,-0.0012396,quote-bid,2724.55,-0.001365,-0.55057994,0.0182,0,sim-4fb27dc860ffd6310606bc57f24cba6e-0,4fb27dc860ffd6310606bc57f24cba6e
2026-09-22T07:55:43.868Z,dry,BTC-USD,6,sell,85289,0.00087,74.20143,taker,0.01484029,flatten-ioc,85289.5,0.000435,0.05862421,0,-0.00957,sim-0d06c04813dda4eb47e31765736a189e-0,0d06c04813dda4eb47e31765736a189e
2026-09-22T07:55:49.132Z,dry,BTC-USD,6,buy,85288,0.00029,24.73352,maker,-0.00123668,quote-bid,85289.5,-0.000435,-0.17587468,0.00029,0,sim-67553d80033297a321273ae780e07977-0,67553d80033297a321273ae780e07977
2026-09-22T07:56:12.607Z,dry,BTC-USD,6,buy,85283,0.00029,24.73207,maker,-0.0012366,quote-bid,85284.5,-0.000435,-0.17588499,0.00058,0,sim-e7ed1cf5ddeb6ba3587afc4039522c98-0,e7ed1cf5ddeb6ba3587afc4039522c98
2026-09-22T07:56:19.989Z,dry,ETH-USD,7,sell,2723.4,0.0182,49.56588,maker,-0.00247829,flatten-post,2724.15,0.01365,2.75391055,0,-0.02487333,sim-faf6bc967fb2322d2ac1cb0d60c2a9ec-0,faf6bc967fb2322d2ac1cb0d60c2a9ec
2026-09-22T07:56:22.458Z,dry,ETH-USD,7,sell,2723.7,0.0091,24.78567,maker,-0.00123928,quote-ask,2723.55,-0.001365,-0.55072145,-0.0091,0,sim-2912c7663a203c1deca496fa9ce56736-0,2912c7663a203c1deca496fa9ce56736
2026-09-22T07:56:32.945Z,dry,ETH-USD,7,sell,2724,0.0091,24.7884,maker,-0.00123942,quote-ask,2723.85,-0.001365,-0.55066079,-0.0182,0,sim-51497456123a26bac060f592a939b7a8-0,51497456123a26bac060f592a939b7a8
2026-09-22T07:56:34.850Z,dry,BTC-USD,6,sell,85290,0.00029,24.7341,maker,-0.0012367,quote-ask,85288.5,-0.000435,-0.17587056,0.00029,0.001305,sim-3a07fe70452d44e002a37e9482129a11-0,3a07fe70452d44e002a37e9482129a11
2026-09-22T07:56:35.271Z,dry,BTC-USD,6,sell,85301,0.00029,24.73729,maker,-0.00123686,quote-ask,85299.5,-0.000435,-0.17584788,0,0.004495,sim-56c1879501ae0405d3455fee880f3c0a-0,56c1879501ae0405d3455fee880f3c0a
2026-09-22T07:56:47.688Z,dry,ETH-USD,7,buy,2725.1,0.0091,24.79841,maker,-0.00123992,quote-bid,2725.15,-0.000455,-0.18347951,-0.0091,-0.011375,sim-6fae51251e66980f67bf0c68cca55be2-0,6fae51251e66980f67bf0c68cca55be2
2026-09-22T07:56:55.521Z,dry,BTC-USD,6,buy,85308,0.00029,24.73932,maker,-0.00123697,quote-bid,85308.5,-0.000145,-0.05861115,0.00029,0,sim-d7510658167f66821a055e60f34af193-0,d7510658167f66821a055e60f34af193
2026-09-22T07:56:55.880Z,dry,BTC-USD,6,buy,85302,0.00029,24.73758,maker,-0.00123688,quote-bid,85305.5,-0.001015,-0.41030691,0.00058,0,sim-c53069a18e689b7d1daf6d6ce55d70a0-0,c53069a18e689b7d1daf6d6ce55d70a0
2026-09-22T07:57:02.495Z,dry,ETH-USD,7,sell,2725,0.0091,24.7975,maker,-0.00123988,quote-ask,2724.85,-0.001365,-0.55045872,-0.0182,0,sim-9a16d25a1bfd26869c8e1267bfca50dd-0,9a16d25a1bfd26869c8e1267bfca50dd
2026-09-22T07:57:08.971Z,dry,ETH-USD,7,buy,2725,0.0091,24.7975,maker,-0.00123988,quote-bid,2725.05,-0.000455,-0.18348624,-0.0091,-0.0052325,sim-6aa489e97cdf4b591a974edc74b46c97-0,6aa489e97cdf4b591a974edc74b46c97
2026-09-22T07:57:11.646Z,dry,ETH-USD,7,buy,2725.2,0.0091,24.79932,maker,-0.00123997,quote-bid,2725.25,-0.000455,-0.18347277,0,-0.0070525,sim-17f7492b1a983d5058471be2a7667a60-0,17f7492b1a983d5058471be2a7667a60
2026-09-22T07:57:20.608Z,dry,ETH-USD,7,buy,2725.1,0.0091,24.79841,maker,-0.00123992,quote-bid,2725.25,-0.001365,-0.55043852,0.0091,0,sim-b9c0787b77f9f865b1b4f39dbc13a53b-0,b9c0787b77f9f865b1b4f39dbc13a53b
2026-09-22T07:57:20.627Z,dry,BTC-USD,6,buy,85298,0.00029,24.73642,maker,-0.00123682,quote-bid,85299.5,-0.000435,-0.17585406,0.00087,0,sim-9d8e2a43c4db5670b2a5c6a499987d43-0,9d8e2a43c4db5670b2a5c6a499987d43
2026-09-22T07:57:23.030Z,dry,ETH-USD,7,buy,2724.2,0.0091,24.79022,maker,-0.00123951,quote-bid,2724.65,-0.004095,-1.6518611,0.0182,0,sim-73a4be5fd9669cdd7b104bcf5fbc6b9e-0,73a4be5fd9669cdd7b104bcf5fbc6b9e
2026-09-22T07:57:26.858Z,dry,ETH-USD,7,sell,2724.1,0.0091,24.78931,maker,-0.00123947,quote-ask,2724.05,-0.000455,-0.18354686,0.0091,-0.005005,sim-e5df63073c77adc45bb3c7d0a056872d-0,e5df63073c77adc45bb3c7d0a056872d
2026-09-22T07:57:27.799Z,dry,BTC-USD,6,sell,85261,0.00029,24.72569,maker,-0.00123628,quote-ask,85259.5,-0.000435,-0.17593038,0.00058,-0.01208333,sim-79a780f41dfc0adbc60219dcd2d51e78-0,79a780f41dfc0adbc60219dcd2d51e78
2026-09-22T07:57:29.922Z,dry,ETH-USD,7,buy,2724.4,0.0091,24.79204,maker,-0.0012396,quote-bid,2724.55,-0.001365,-0.55057994,0.0182,0,sim-a1ef65df4cfb30495552700aa710747c-0,a1ef65df4cfb30495552700aa710747c
2026-09-22T07:57:44.812Z,dry,ETH-USD,7,buy,2724.2,0.0091,24.79022,maker,-0.00123951,quote-bid,2724.35,-0.001365,-0.55062037,0.0273,0,sim-b356a9f06e5126e9d52242efd5666db2-0,b356a9f06e5126e9d52242efd5666db2
2026-09-22T07:57:45.996Z,dry,BTC-USD,6,buy,85260,0.00029,24.7254,maker,-0.00123627,quote-bid,85261.5,-0.000435,-0.17593244,0.00087,0,sim-f89cdb59a0f203ffc751a9265743e016-0,f89cdb59a0f203ffc751a9265743e016
2026-09-22T07:58:41.720Z,dry,BTC-USD,6,sell,85202,0.00087,74.12574,taker,0.01482515,flatten-ioc,85266,0.05568,7.51156076,0,-0.07520667,sim-d9cf7c03ad7a991e2ae5815eac920ac6-0,d9cf7c03ad7a991e2ae5815eac920ac6
2026-09-22T07:59:26.965Z,dry,ETH-USD,7,sell,2724,0.0273,74.3652,taker,0.01487304,flatten-ioc,2727,0.0819,11.01321586,0,-0.011375,sim-62088366e454dc9b5d297133c9801cd9-0,62088366e454dc9b5d297133c9801cd9
